language,question_type,question,retrieval_question,retrieval_query,expected,answer,retrieved,precision,recall,f1,false_positives,false_negatives,unsupported_hallucination,wrong_answer,error_type,hit_at_1,retrieval_recall_at_1,retrieval_precision_at_1,hit_at_3,retrieval_recall_at_3,retrieval_precision_at_3,hit_at_5,retrieval_recall_at_5,retrieval_precision_at_5,hit_at_10,retrieval_recall_at_10,retrieval_precision_at_10
English,unknown,Which scholarships are available to Mongolian students?,Which scholarships are available to Mongolian students?,Which scholarships are available to Mongolian students? eligible nationality international students mongolia mongolia eligible mongolian students,Australia Awards; Chevening Scholarship; Chinese Government Scholarship; Erasmus Mundus Joint Master Degrees; Fulbright U.S. Student Program; Global Korea Scholarship; MEXT Scholarship; Stipendium Hungaricum; Swiss Government Excellence Scholarships; Türkiye Scholarships,AAUW International Fellowships; Australia Awards; DAAD Scholarships; Erasmus Mundus Joint Master Degrees; Government of Ireland International Education Scholarship; Swiss Government Excellence Scholarships; Türkiye Scholarships,Erasmus Mundus Joint Master Degrees; Swiss Government Excellence Scholarships; Boren Awards; Swedish Institute Scholarships; Vanier Canada Graduate Scholarships; United Nations Fellowships; Benjamin A. Gilman International Scholarship; Australia Awards; Commonwealth Scholarship and Fellowship Plan; Fulbright U.S. Student Program; Marshall Scholarship; DAAD Scholarships; Government of Ireland International Education Scholarship; Türkiye Scholarships; AAUW International Fellowships,0.5714285714285714,0.4,0.47058823529411764,AAUW International Fellowships; DAAD Scholarships; Government of Ireland International Education Scholarship,Chevening Scholarship; Chinese Government Scholarship; Fulbright U.S. Student Program; Global Korea Scholarship; MEXT Scholarship; Stipendium Hungaricum,1,1,mixed_over_and_under_selection,1,0.1,1.0,1,0.2,0.6666666666666666,1,0.2,0.4,1,0.4,0.4
English,unknown,Which scholarships can Mongolian students apply to in Japan?,Which scholarships can Mongolian students apply to in Japan?,Which scholarships can Mongolian students apply to in Japan? asia asian china eligible nationality international students japan japanese korea mongolia mongolia eligible mongolian students turkey,Asian Development Bank–Japan Scholarship Program; JICA Scholarships; MEXT Scholarship,JICA Scholarships; Japan-IMF Scholarship Program for Asia; MEXT Scholarship,MEXT Scholarship; Japan-IMF Scholarship Program for Asia; Asian Development Bank–Japan Scholarship Program; JICA Scholarships; Joint Japan/World Bank Graduate Scholarship Program; Global Korea Scholarship; Schwarzman Scholars; Chinese Government Scholarship; Türkiye Scholarships; ADB Internship Program,0.6666666666666666,0.6666666666666666,0.6666666666666666,Japan-IMF Scholarship Program for Asia,Asian Development Bank–Japan Scholarship Program,1,1,mixed_over_and_under_selection,1,0.3333333333333333,1.0,1,0.6666666666666666,0.6666666666666666,1,1.0,0.6,1,1.0,0.3
English,unknown,Which scholarships can Mongolian students apply to in the UK?,Which scholarships can Mongolian students apply to in the UK?,Which scholarships can Mongolian students apply to in the UK? britain british eligible nationality england international students mongolia mongolia eligible mongolian students uk united kingdom,Chevening Scholarship; Gates Cambridge Scholarship; Rhodes Scholarship,Australia Awards; Chevening Scholarship; Gates Cambridge Scholarship,Chevening Scholarship; Commonwealth Scholarship and Fellowship Plan; Marshall Scholarship; Churchill Scholarship; Gates Cambridge Scholarship; Rhodes Scholarship; Australia Awards; Stipendium Hungaricum; Global Korea Scholarship; Swedish Institute Scholarships,0.6666666666666666,0.6666666666666666,0.6666666666666666,Australia Awards,Rhodes Scholarship,1,1,mixed_over_and_under_selection,1,0.3333333333333333,1.0,1,0.3333333333333333,0.3333333333333333,1,0.6666666666666666,0.4,1,1.0,0.3
English,unknown,Which scholarships can Mongolian students apply to in Australia?,Which scholarships can Mongolian students apply to in Australia?,Which scholarships can Mongolian students apply to in Australia? australia australian eligible nationality international students mongolia mongolia eligible mongolian students,Australia Awards,Australia Awards,Australia Awards; MEXT Scholarship; Global Korea Scholarship; Swedish Institute Scholarships; Erasmus Mundus Joint Master Degrees; Government of Ireland International Education Scholarship; Vanier Canada Graduate Scholarships; Chevening Scholarship; Chinese Government Scholarship; Stipendium Hungaricum,1.0,1.0,1.0,,,0,0,correct,1,1.0,1.0,1,1.0,0.3333333333333333,1,1.0,0.2,1,1.0,0.1
English,unknown,Which scholarships can Mongolian students apply to in South Korea?,Which scholarships can Mongolian students apply to in South Korea?,Which scholarships can Mongolian students apply to in South Korea? asia asian china eligible nationality international students japan korea korean mongolia mongolia eligible mongolian students south korea turkey,Global Korea Scholarship,Global Korea Scholarship,Global Korea Scholarship; MEXT Scholarship; Chinese Government Scholarship; Schwarzman Scholars; Türkiye Scholarships; Asian Development Bank–Japan Scholarship Program; Japan-IMF Scholarship Program for Asia; Joint Japan/World Bank Graduate Scholarship Program; ADB Internship Program; Google Generation Scholarship,1.0,1.0,1.0,,,0,0,correct,1,1.0,1.0,1,1.0,0.3333333333333333,1,1.0,0.2,1,1.0,0.1
English,unknown,Which scholarships are available in Germany for Mongolian students?,Which scholarships are available in Germany for Mongolian students?,Which scholarships are available in Germany for Mongolian students? eligible nationality europe european france german germany hungary international students mongolia mongolia eligible mongolian students switzerland,DAAD Scholarships,DAAD Scholarships,DAAD Scholarships; Swiss Government Excellence Scholarships; Erasmus Mundus Joint Master Degrees; Eiffel Excellence Scholarship Program; Stipendium Hungaricum; Swedish Institute Scholarships; United Nations Fellowships; Government of Ireland International Education Scholarship; Churchill Scholarship; George J. Mitchell Scholarship; The Gates Scholarship; Vanier Canada Graduate Scholarships; Marshall Scholarship; Australia Awards; Boren Awards,1.0,1.0,1.0,,,0,0,correct,1,1.0,1.0,1,1.0,0.3333333333333333,1,1.0,0.2,1,1.0,0.1
English,unknown,Which scholarships are available in Hungary for Mongolian students?,Which scholarships are available in Hungary for Mongolian students?,Which scholarships are available in Hungary for Mongolian students? eligible nationality europe european france germany hungarian hungary international students mongolia mongolia eligible mongolian students switzerland,Stipendium Hungaricum,NONE,Stipendium Hungaricum; Swiss Government Excellence Scholarships; Erasmus Mundus Joint Master Degrees; Eiffel Excellence Scholarship Program; DAAD Scholarships; Swedish Institute Scholarships; United Nations Fellowships; Government of Ireland International Education Scholarship; George J. Mitchell Scholarship; The Gates Scholarship; Australia Awards; Vanier Canada Graduate Scholarships; Marshall Scholarship; AAUW International Fellowships; Boren Awards,0.0,0.0,0.0,,Stipendium Hungaricum,0,1,empty_answer,1,1.0,1.0,1,1.0,0.3333333333333333,1,1.0,0.2,1,1.0,0.1
English,unknown,Which scholarships are available in France for Mongolian students?,Which scholarships are available in France for Mongolian students?,Which scholarships are available in France for Mongolian students? eligible nationality europe european france french germany hungary international students mongolia mongolia eligible mongolian students switzerland,Eiffel Excellence Scholarship Program,Eiffel Excellence Scholarship Program,Eiffel Excellence Scholarship Program; Erasmus Mundus Joint Master Degrees; Swiss Government Excellence Scholarships; Vanier Canada Graduate Scholarships; DAAD Scholarships; Stipendium Hungaricum; Swedish Institute Scholarships; United Nations Fellowships; Government of Ireland International Education Scholarship; George J. Mitchell Scholarship; The Gates Scholarship; Churchill Scholarship; Marshall Scholarship; Australia Awards; AAUW International Fellowships,1.0,1.0,1.0,,,0,0,correct,1,1.0,1.0,1,1.0,0.3333333333333333,1,1.0,0.2,1,1.0,0.1
English,unknown,Which scholarships are available in Switzerland for Mongolian students?,Which scholarships are available in Switzerland for Mongolian students?,Which scholarships are available in Switzerland for Mongolian students? eligible nationality europe european france germany hungary international students mongolia mongolia eligible mongolian students swiss switzerland,Swiss Government Excellence Scholarships,Swiss Government Excellence Scholarships,Swiss Government Excellence Scholarships; Erasmus Mundus Joint Master Degrees; Eiffel Excellence Scholarship Program; DAAD Scholarships; Stipendium Hungaricum; Swedish Institute Scholarships; United Nations Fellowships; Government of Ireland International Education Scholarship; The Gates Scholarship; George J. Mitchell Scholarship; Vanier Canada Graduate Scholarships; Boren Awards; Australia Awards; Marshall Scholarship; Churchill Scholarship,1.0,1.0,1.0,,,0,0,correct,1,1.0,1.0,1,1.0,0.3333333333333333,1,1.0,0.2,1,1.0,0.1
English,unknown,Which scholarships are available in Turkey for Mongolian students?,Which scholarships are available in Turkey for Mongolian students?,Which scholarships are available in Turkey for Mongolian students? asia asian china eligible nationality international students japan korea mongolia mongolia eligible mongolian students turkey turkish türkiye,Türkiye Scholarships,Türkiye Scholarships,Türkiye Scholarships; Joint Japan/World Bank Graduate Scholarship Program; JICA Scholarships; Japan-IMF Scholarship Program for Asia; Chinese Government Scholarship; Schwarzman Scholars; MEXT Scholarship; Global Korea Scholarship; Asian Development Bank–Japan Scholarship Program; ADB Internship Program; Swiss Government Excellence Scholarships; Erasmus Mundus Joint Master Degrees; United Nations Fellowships; Swedish Institute Scholarships; Government of Ireland International Education Scholarship,1.0,1.0,1.0,,,0,0,correct,1,1.0,1.0,1,1.0,0.3333333333333333,1,1.0,0.2,1,1.0,0.1
English,unknown,Which scholarships are fully funded for Mongolian students?,Which scholarships are fully funded for Mongolian students?,Which scholarships are fully funded for Mongolian students? eligible nationality full funding full scholarship fully funded international students mongolia mongolia eligible mongolian students tuition and living,Australia Awards; Chevening Scholarship; Fulbright U.S. Student Program; Global Korea Scholarship; MEXT Scholarship; Stipendium Hungaricum; Swiss Government Excellence Scholarships; Türkiye Scholarships,Chevening Scholarship; DAAD Scholarships; Erasmus Mundus Joint Master Degrees; Swedish Institute Scholarships; Swiss Government Excellence Scholarships,Chevening Scholarship; ADB Internship Program; Google Generation Scholarship; Boren Awards; Swiss Government Excellence Scholarships; Swedish Institute Scholarships; Erasmus Mundus Joint Master Degrees; United Nations Fellowships; The Gates Scholarship; DAAD Scholarships,0.4,0.25,0.3076923076923077,DAAD Scholarships; Erasmus Mundus Joint Master Degrees; Swedish Institute Scholarships,Australia Awards; Fulbright U.S. Student Program; Global Korea Scholarship; MEXT Scholarship; Stipendium Hungaricum; Türkiye Scholarships,1,1,retrieval_miss,1,0.125,1.0,1,0.125,0.3333333333333333,1,0.25,0.4,1,0.25,0.2
English,unknown,Which scholarships require English proficiency for Mongolian students?,Which scholarships require English proficiency for Mongolian students?,Which scholarships require English proficiency for Mongolian students? eligible nationality english ielts international students language requirement mongolia mongolia eligible mongolian students toefl,Australia Awards; Chevening Scholarship; Fulbright U.S. Student Program; Gates Cambridge Scholarship; Rhodes Scholarship,Australia Awards; Chevening Scholarship; Government of Ireland International Education Scholarship; Swedish Institute Scholarships; United Nations Fellowships,Commonwealth Scholarship and Fellowship Plan; Australia Awards; Government of Ireland International Education Scholarship; Swedish Institute Scholarships; Chevening Scholarship; United Nations Fellowships; Fulbright U.S. Student Program; Marshall Scholarship; The Gates Scholarship; Türkiye Scholarships,0.4,0.4,0.4000000000000001,Government of Ireland International Education Scholarship; Swedish Institute Scholarships; United Nations Fellowships,Fulbright U.S. Student Program; Gates Cambridge Scholarship; Rhodes Scholarship,1,1,mixed_over_and_under_selection,0,0.0,0.0,1,0.2,0.3333333333333333,1,0.4,0.4,1,0.6,0.3
English,unknown,Which scholarships are master's programs for Mongolian students?,Which scholarships are master's programs for Mongolian students?,Which scholarships are master's programs for Mongolian students? eligible nationality graduate international students master master's masters mongolia mongolia eligible mongolian students postgraduate,Australia Awards; Chevening Scholarship; Erasmus Mundus Joint Master Degrees; Gates Cambridge Scholarship; Rhodes Scholarship,Australia Awards; DAAD Scholarships; Erasmus Mundus Joint Master Degrees; Joint Japan/World Bank Graduate Scholarship Program; Swedish Institute Scholarships,Erasmus Mundus Joint Master Degrees; Swiss Government Excellence Scholarships; Joint Japan/World Bank Graduate Scholarship Program; Swedish Institute Scholarships; Australia Awards; Commonwealth Scholarship and Fellowship Plan; DAAD Scholarships; Marshall Scholarship; NSF Graduate Research Fellowship Program; Churchill Scholarship,0.4,0.4,0.4000000000000001,DAAD Scholarships; Joint Japan/World Bank Graduate Scholarship Program; Swedish Institute Scholarships,Chevening Scholarship; Gates Cambridge Scholarship; Rhodes Scholarship,1,1,retrieval_miss,1,0.2,1.0,1,0.2,0.3333333333333333,1,0.4,0.4,1,0.4,0.2
English,unknown,Which scholarships are PhD programs available to Mongolian students?,Which scholarships are PhD programs available to Mongolian students?,Which scholarships are PhD programs available to Mongolian students? doctoral doctorate eligible nationality international students mongolia mongolia eligible mongolian students ph.d phd,DAAD Scholarships; Gates Cambridge Scholarship; Vanier Canada Graduate Scholarships,Chinese Government Scholarship; DAAD Scholarships; Eiffel Excellence Scholarship Program; Erasmus Mundus Joint Master Degrees; Gates Cambridge Scholarship; Global Korea Scholarship; Knight-Hennessy Scholars; Swiss Government Excellence Scholarships; Türkiye Scholarships; Vanier Canada Graduate Scholarships,Swiss Government Excellence Scholarships; Vanier Canada Graduate Scholarships; DAAD Scholarships; Eiffel Excellence Scholarship Program; Commonwealth Scholarship and Fellowship Plan; Government of Ireland International Education Scholarship; Türkiye Scholarships; Chinese Government Scholarship; NSF Graduate Research Fellowship Program; Global Korea Scholarship; Knight-Hennessy Scholars; Stipendium Hungaricum; Gates Cambridge Scholarship; Erasmus Mundus Joint Master Degrees; Rhodes Scholarship,0.3,1.0,0.4615384615384615,Chinese Government Scholarship; Eiffel Excellence Scholarship Program; Erasmus Mundus Joint Master Degrees; Global Korea Scholarship; Knight-Hennessy Scholars; Swiss Government Excellence Scholarships; Türkiye Scholarships,,1,1,over_selection,0,0.0,0.0,1,0.6666666666666666,0.6666666666666666,1,0.6666666666666666,0.4,1,0.6666666666666666,0.2
English,unknown,Which scholarships are in Asia and available to Mongolian students?,Which scholarships are in Asia and available to Mongolian students?,Which scholarships are in Asia and available to Mongolian students? asia asian china eligible nationality international students japan korea mongolia mongolia eligible mongolian students turkey,Chinese Government Scholarship; Global Korea Scholarship; MEXT Scholarship; Türkiye Scholarships,Asian Development Bank–Japan Scholarship Program; Global Korea Scholarship; JICA Scholarships; Japan-IMF Scholarship Program for Asia; Joint Japan/World Bank Graduate Scholarship Program; MEXT Scholarship; Türkiye Scholarships,Japan-IMF Scholarship Program for Asia; Asian Development Bank–Japan Scholarship Program; Joint Japan/World Bank Graduate Scholarship Program; Google Generation Scholarship; JICA Scholarships; Global Korea Scholarship; Chinese Government Scholarship; Schwarzman Scholars; MEXT Scholarship; Türkiye Scholarships; ADB Internship Program; Swiss Government Excellence Scholarships; Australia Awards; Government of Ireland International Education Scholarship; United Nations Fellowships,0.42857142857142855,0.75,0.5454545454545454,Asian Development Bank–Japan Scholarship Program; JICA Scholarships; Japan-IMF Scholarship Program for Asia; Joint Japan/World Bank Graduate Scholarship Program,Chinese Government Scholarship,1,1,mixed_over_and_under_selection,0,0.0,0.0,0,0.0,0.0,0,0.0,0.0,1,1.0,0.4
English,unknown,Which scholarships are offered in Europe to Mongolian students?,Which scholarships are offered in Europe to Mongolian students?,Which scholarships are offered in Europe to Mongolian students? eligible nationality europe european france germany hungary international students mongolia mongolia eligible mongolian students switzerland,Chevening Scholarship; DAAD Scholarships; Eiffel Excellence Scholarship Program; Erasmus Mundus Joint Master Degrees; Stipendium Hungaricum; Swedish Institute Scholarships,Australia Awards; DAAD Scholarships; Eiffel Excellence Scholarship Program; Erasmus Mundus Joint Master Degrees; Government of Ireland International Education Scholarship; Stipendium Hungaricum; Swiss Government Excellence Scholarships,Erasmus Mundus Joint Master Degrees; Swiss Government Excellence Scholarships; Eiffel Excellence Scholarship Program; DAAD Scholarships; Stipendium Hungaricum; Swedish Institute Scholarships; United Nations Fellowships; Government of Ireland International Education Scholarship; Marshall Scholarship; Australia Awards,0.5714285714285714,0.6666666666666666,0.6153846153846153,Australia Awards; Government of Ireland International Education Scholarship; Swiss Government Excellence Scholarships,Chevening Scholarship; Swedish Institute Scholarships,1,1,mixed_over_and_under_selection,1,0.16666666666666666,1.0,1,0.3333333333333333,0.6666666666666666,1,0.6666666666666666,0.8,1,0.8333333333333334,0.5
English,unknown,Which scholarships are funded by governments and open to Mongolian students?,Which scholarships are funded by governments and open to Mongolian students?,Which scholarships are funded by governments and open to Mongolian students? eligible nationality international students mongolia mongolia eligible mongolian students,Australia Awards; Chevening Scholarship; Chinese Government Scholarship; Fulbright U.S. Student Program; Global Korea Scholarship; MEXT Scholarship,Australia Awards; DAAD Scholarships; Government of Ireland International Education Scholarship; Swedish Institute Scholarships; Swiss Government Excellence Scholarships; Türkiye Scholarships,Swiss Government Excellence Scholarships; Australia Awards; Boren Awards; DAAD Scholarships; Fulbright U.S. Student Program; Swedish Institute Scholarships; Eiffel Excellence Scholarship Program; Erasmus Mundus Joint Master Degrees; Türkiye Scholarships; Government of Ireland International Education Scholarship,0.16666666666666666,0.16666666666666666,0.16666666666666666,DAAD Scholarships; Government of Ireland International Education Scholarship; Swedish Institute Scholarships; Swiss Government Excellence Scholarships; Türkiye Scholarships,Chevening Scholarship; Chinese Government Scholarship; Fulbright U.S. Student Program; Global Korea Scholarship; MEXT Scholarship,1,1,mixed_over_and_under_selection,0,0.0,0.0,1,0.16666666666666666,0.3333333333333333,1,0.3333333333333333,0.4,1,0.3333333333333333,0.2
English,unknown,Which scholarships support development or public policy for Mongolian students?,Which scholarships support development or public policy for Mongolian students?,Which scholarships support development or public policy for Mongolian students? eligible nationality international students mongolia mongolia eligible mongolian students,Asian Development Bank–Japan Scholarship Program; Australia Awards; Joint Japan/World Bank Graduate Scholarship Program,Australia Awards; Chevening Scholarship; JICA Scholarships,Swiss Government Excellence Scholarships; Commonwealth Scholarship and Fellowship Plan; Australia Awards; Swedish Institute Scholarships; DAAD Scholarships; Chevening Scholarship; JICA Scholarships; Fulbright U.S. Student Program; Knight-Hennessy Scholars; The Gates Scholarship,0.3333333333333333,0.3333333333333333,0.3333333333333333,Chevening Scholarship; JICA Scholarships,Asian Development Bank–Japan Scholarship Program; Joint Japan/World Bank Graduate Scholarship Program,1,1,retrieval_miss,0,0.0,0.0,1,0.3333333333333333,0.3333333333333333,1,0.3333333333333333,0.2,1,0.3333333333333333,0.1
English,unknown,Which scholarships include leadership programs for Mongolian students?,Which scholarships include leadership programs for Mongolian students?,Which scholarships include leadership programs for Mongolian students? eligible nationality international students mongolia mongolia eligible mongolian students,Chevening Scholarship; Knight-Hennessy Scholars; Rotary Peace Fellowship; Schwarzman Scholars,Chevening Scholarship; Knight-Hennessy Scholars,Boren Awards; United Nations Fellowships; Erasmus Mundus Joint Master Degrees; Chevening Scholarship; Türkiye Scholarships; DAAD Scholarships; Knight-Hennessy Scholars; Chinese Government Scholarship; Swiss Government Excellence Scholarships; Joint Japan/World Bank Graduate Scholarship Program,1.0,0.5,0.6666666666666666,,Rotary Peace Fellowship; Schwarzman Scholars,0,1,retrieval_miss,0,0.0,0.0,0,0.0,0.0,1,0.25,0.2,1,0.5,0.2
English,unknown,Which scholarships are university-based and open to Mongolian students?,Which scholarships are university-based and open to Mongolian students?,Which scholarships are university-based and open to Mongolian students? eligible nationality international students mongolia mongolia eligible mongolian students,Gates Cambridge Scholarship; Knight-Hennessy Scholars; Schwarzman Scholars,AAUW International Fellowships; Australia Awards; DAAD Scholarships; Eiffel Excellence Scholarship Program; Erasmus Mundus Joint Master Degrees; Government of Ireland International Education Scholarship; Swiss Government Excellence Scholarships,Swiss Government Excellence Scholarships; Erasmus Mundus Joint Master Degrees; Australia Awards; Swedish Institute Scholarships; DAAD Scholarships; Boren Awards; Vanier Canada Graduate Scholarships; Government of Ireland International Education Scholarship; Eiffel Excellence Scholarship Program; AAUW International Fellowships,0.0,0.0,0.0,AAUW International Fellowships; Australia Awards; DAAD Scholarships; Eiffel Excellence Scholarship Program; Erasmus Mundus Joint Master Degrees; Government of Ireland International Education Scholarship; Swiss Government Excellence Scholarships,Gates Cambridge Scholarship; Knight-Hennessy Scholars; Schwarzman Scholars,1,1,retrieval_miss,0,0.0,0.0,0,0.0,0.0,0,0.0,0.0,0,0.0,0.0
English,unknown,Which scholarships do not require Japanese language for Mongolian students?,Which scholarships do not require Japanese language for Mongolian students?,Which scholarships do not require Japanese language for Mongolian students? eligible nationality english ielts international students japan japanese language requirement mongolia mongolia eligible mongolian students toefl,MEXT Scholarship,Asian Development Bank–Japan Scholarship Program; Japan-IMF Scholarship Program for Asia; Joint Japan/World Bank Graduate Scholarship Program; Swedish Institute Scholarships,Japan-IMF Scholarship Program for Asia; MEXT Scholarship; JICA Scholarships; Joint Japan/World Bank Graduate Scholarship Program; Asian Development Bank–Japan Scholarship Program; Boren Awards; Commonwealth Scholarship and Fellowship Plan; Fulbright U.S. Student Program; Benjamin A. Gilman International Scholarship; Swedish Institute Scholarships,0.0,0.0,0.0,Asian Development Bank–Japan Scholarship Program; Japan-IMF Scholarship Program for Asia; Joint Japan/World Bank Graduate Scholarship Program; Swedish Institute Scholarships,MEXT Scholarship,1,1,mixed_over_and_under_selection,0,0.0,0.0,1,1.0,0.3333333333333333,1,1.0,0.2,1,1.0,0.1
English,unknown,Which scholarships are partially funded for Mongolian students?,Which scholarships are partially funded for Mongolian students?,Which scholarships are partially funded for Mongolian students? eligible nationality international students mongolia mongolia eligible mongolian students partial partially funded tuition only,AAUW International Fellowships; Google Generation Scholarship,AAUW International Fellowships; Chevening Scholarship; Eiffel Excellence Scholarship Program; Erasmus Mundus Joint Master Degrees; Government of Ireland International Education Scholarship; Stipendium Hungaricum; Swedish Institute Scholarships; Swiss Government Excellence Scholarships,Boren Awards; Benjamin A. Gilman International Scholarship; Government of Ireland International Education Scholarship; Eiffel Excellence Scholarship Program; AAUW International Fellowships; Stipendium Hungaricum; Swiss Government Excellence Scholarships; Swedish Institute Scholarships; Erasmus Mundus Joint Master Degrees; Chevening Scholarship,0.125,0.5,0.2,Chevening Scholarship; Eiffel Excellence Scholarship Program; Erasmus Mundus Joint Master Degrees; Government of Ireland International Education Scholarship; Stipendium Hungaricum; Swedish Institute Scholarships; Swiss Government Excellence Scholarships,Google Generation Scholarship,1,1,retrieval_miss,0,0.0,0.0,0,0.0,0.0,1,0.5,0.2,1,0.5,0.1
English,unknown,Which scholarships are international joint programs for Mongolian students?,Which scholarships are international joint programs for Mongolian students?,Which scholarships are international joint programs for Mongolian students? eligible nationality international students mongolia mongolia eligible mongolian students,Erasmus Mundus Joint Master Degrees,Erasmus Mundus Joint Master Degrees; Government of Ireland International Education Scholarship; Joint Japan/World Bank Graduate Scholarship Program,Joint Japan/World Bank Graduate Scholarship Program; Erasmus Mundus Joint Master Degrees; Swiss Government Excellence Scholarships; Boren Awards; Swedish Institute Scholarships; United Nations Fellowships; Benjamin A. Gilman International Scholarship; AAUW International Fellowships; Fulbright U.S. Student Program; Government of Ireland International Education Scholarship,0.3333333333333333,1.0,0.5,Government of Ireland International Education Scholarship; Joint Japan/World Bank Graduate Scholarship Program,,1,1,over_selection,0,0.0,0.0,1,1.0,0.3333333333333333,1,1.0,0.2,1,1.0,0.1
English,unknown,Which scholarships are short-term or fellowship programs for Mongolian students?,Which scholarships are short-term or fellowship programs for Mongolian students?,Which scholarships are short-term or fellowship programs for Mongolian students? eligible nationality international students mongolia mongolia eligible mongolian students,Rotary Peace Fellowship; United Nations Fellowships,AAUW International Fellowships; Erasmus Mundus Joint Master Degrees; Joint Japan/World Bank Graduate Scholarship Program; Swedish Institute Scholarships; United Nations Fellowships,AAUW International Fellowships; NSF Graduate Research Fellowship Program; Commonwealth Scholarship and Fellowship Plan; United Nations Fellowships; Boren Awards; Swiss Government Excellence Scholarships; Joint Japan/World Bank Graduate Scholarship Program; Erasmus Mundus Joint Master Degrees; Swedish Institute Scholarships; Benjamin A. Gilman International Scholarship,0.2,0.5,0.28571428571428575,AAUW International Fellowships; Erasmus Mundus Joint Master Degrees; Joint Japan/World Bank Graduate Scholarship Program; Swedish Institute Scholarships,Rotary Peace Fellowship,1,1,retrieval_miss,0,0.0,0.0,0,0.0,0.0,1,0.5,0.2,1,0.5,0.1
English,unknown,Which scholarships focus on research degrees for Mongolian students?,Which scholarships focus on research degrees for Mongolian students?,Which scholarships focus on research degrees for Mongolian students? eligible nationality international students mongolia mongolia eligible mongolian students,DAAD Scholarships; Vanier Canada Graduate Scholarships,DAAD Scholarships; MEXT Scholarship; Swiss Government Excellence Scholarships; Vanier Canada Graduate Scholarships,Swiss Government Excellence Scholarships; Commonwealth Scholarship and Fellowship Plan; DAAD Scholarships; Erasmus Mundus Joint Master Degrees; Türkiye Scholarships; NSF Graduate Research Fellowship Program; Fulbright U.S. Student Program; Vanier Canada Graduate Scholarships; MEXT Scholarship; Government of Ireland International Education Scholarship,0.5,1.0,0.6666666666666666,MEXT Scholarship; Swiss Government Excellence Scholarships,,1,1,over_selection,0,0.0,0.0,1,0.5,0.3333333333333333,1,0.5,0.2,1,1.0,0.2
English,unknown,Which fully funded master's scholarships are available to Mongolian students in the UK?,Which fully funded master's scholarships are available to Mongolian students in the UK?,Which fully funded master's scholarships are available to Mongolian students in the UK? britain british eligible nationality england full funding full scholarship fully funded graduate international students master master's masters mongolia mongolia eligible mongolian students postgraduate tuition and living uk united kingdom,Chevening Scholarship; Gates Cambridge Scholarship; Rhodes Scholarship,Australia Awards; Chevening Scholarship; Gates Cambridge Scholarship,Chevening Scholarship; Marshall Scholarship; Churchill Scholarship; Commonwealth Scholarship and Fellowship Plan; Google Generation Scholarship; Gates Cambridge Scholarship; Rhodes Scholarship; ADB Internship Program; Erasmus Mundus Joint Master Degrees; Government of Ireland International Education Scholarship; DAAD Scholarships; Asian Development Bank–Japan Scholarship Program; Knight-Hennessy Scholars; Australia Awards; Swedish Institute Scholarships,0.6666666666666666,0.6666666666666666,0.6666666666666666,Australia Awards,Rhodes Scholarship,1,1,mixed_over_and_under_selection,1,0.3333333333333333,1.0,1,0.3333333333333333,0.3333333333333333,1,0.3333333333333333,0.2,1,1.0,0.3
English,unknown,Which scholarships are fully funded and available to Mongolian students in Japan?,Which scholarships are fully funded and available to Mongolian students in Japan?,Which scholarships are fully funded and available to Mongolian students in Japan? asia asian china eligible nationality full funding full scholarship fully funded international students japan japanese korea mongolia mongolia eligible mongolian students tuition and living turkey,Asian Development Bank–Japan Scholarship Program; MEXT Scholarship,JICA Scholarships; Japan-IMF Scholarship Program for Asia; MEXT Scholarship,MEXT Scholarship; JICA Scholarships; Joint Japan/World Bank Graduate Scholarship Program; Google Generation Scholarship; Asian Development Bank–Japan Scholarship Program; Japan-IMF Scholarship Program for Asia; ADB Internship Program; Global Korea Scholarship; Chinese Government Scholarship; Schwarzman Scholars; Chevening Scholarship; Türkiye Scholarships; Government of Ireland International Education Scholarship; Churchill Scholarship; Australia Awards,0.3333333333333333,0.5,0.4,JICA Scholarships; Japan-IMF Scholarship Program for Asia,Asian Development Bank–Japan Scholarship Program,1,1,mixed_over_and_under_selection,1,0.5,1.0,1,0.5,0.3333333333333333,1,1.0,0.4,1,1.0,0.2
English,unknown,Which scholarships require work experience for Mongolian students?,Which scholarships require work experience for Mongolian students?,Which scholarships require work experience for Mongolian students? eligible nationality employment experience international students mongolia mongolia eligible mongolian students professional experience work experience,Australia Awards; Chevening Scholarship; Fulbright U.S. Student Program; Joint Japan/World Bank Graduate Scholarship Program,Joint Japan/World Bank Graduate Scholarship Program; Rotary Peace Fellowship; United Nations Fellowships,Australia Awards; Rotary Peace Fellowship; Joint Japan/World Bank Graduate Scholarship Program; Swedish Institute Scholarships; ADB Internship Program; Chevening Scholarship; Commonwealth Scholarship and Fellowship Plan; Swiss Government Excellence Scholarships; Fulbright U.S. Student Program; United Nations Fellowships,0.3333333333333333,0.25,0.28571428571428575,Rotary Peace Fellowship; United Nations Fellowships,Australia Awards; Chevening Scholarship; Fulbright U.S. Student Program,1,1,mixed_over_and_under_selection,1,0.25,1.0,1,0.5,0.6666666666666666,1,0.5,0.4,1,1.0,0.4
English,unknown,Which scholarships are fully funded and available to Mongolian students in Europe?,Which scholarships are fully funded and available to Mongolian students in Europe?,Which scholarships are fully funded and available to Mongolian students in Europe? eligible nationality europe european france full funding full scholarship fully funded germany hungary international students mongolia mongolia eligible mongolian students switzerland tuition and living,Chevening Scholarship; Erasmus Mundus Joint Master Degrees; Gates Cambridge Scholarship; Stipendium Hungaricum,Chevening Scholarship; Chinese Government Scholarship; DAAD Scholarships; Erasmus Mundus Joint Master Degrees; Stipendium Hungaricum; Swedish Institute Scholarships,Erasmus Mundus Joint Master Degrees; DAAD Scholarships; Swiss Government Excellence Scholarships; Eiffel Excellence Scholarship Program; Chevening Scholarship; Google Generation Scholarship; Stipendium Hungaricum; ADB Internship Program; Government of Ireland International Education Scholarship; Swedish Institute Scholarships; Churchill Scholarship; Chinese Government Scholarship; Marshall Scholarship; Vanier Canada Graduate Scholarships; Knight-Hennessy Scholars,0.5,0.75,0.6,Chinese Government Scholarship; DAAD Scholarships; Swedish Institute Scholarships,Gates Cambridge Scholarship,1,1,retrieval_miss,1,0.25,1.0,1,0.25,0.3333333333333333,1,0.5,0.4,1,0.75,0.3
English,unknown,Which scholarships are fully funded and require English for Mongolian students?,Which scholarships are fully funded and require English for Mongolian students?,Which scholarships are fully funded and require English for Mongolian students? eligible nationality english full funding full scholarship fully funded ielts international students language requirement mongolia mongolia eligible mongolian students toefl tuition and living,Australia Awards; Chevening Scholarship; Fulbright U.S. Student Program; Gates Cambridge Scholarship; Rhodes Scholarship,Chevening Scholarship; Türkiye Scholarships,Chevening Scholarship; ADB Internship Program; Google Generation Scholarship; The Gates Scholarship; Fulbright U.S. Student Program; Government of Ireland International Education Scholarship; Türkiye Scholarships; Churchill Scholarship; Boren Awards; Marshall Scholarship,0.5,0.2,0.28571428571428575,Türkiye Scholarships,Australia Awards; Fulbright U.S. Student Program; Gates Cambridge Scholarship; Rhodes Scholarship,1,1,mixed_over_and_under_selection,1,0.2,1.0,1,0.2,0.3333333333333333,1,0.4,0.4,1,0.4,0.2
English,unknown,Which scholarships are fully funded and located in Asia for Mongolian students?,Which scholarships are fully funded and located in Asia for Mongolian students?,Which scholarships are fully funded and located in Asia for Mongolian students? asia asian china eligible nationality full funding full scholarship fully funded international students japan korea mongolia mongolia eligible mongolian students tuition and living turkey,Chinese Government Scholarship; Global Korea Scholarship; MEXT Scholarship; Türkiye Scholarships,Asian Development Bank–Japan Scholarship Program; Japan-IMF Scholarship Program for Asia; Joint Japan/World Bank Graduate Scholarship Program; MEXT Scholarship; Schwarzman Scholars,Google Generation Scholarship; ADB Internship Program; Japan-IMF Scholarship Program for Asia; Joint Japan/World Bank Graduate Scholarship Program; Chevening Scholarship; JICA Scholarships; Asian Development Bank–Japan Scholarship Program; Chinese Government Scholarship; Schwarzman Scholars; MEXT Scholarship,0.2,0.25,0.22222222222222224,Asian Development Bank–Japan Scholarship Program; Japan-IMF Scholarship Program for Asia; Joint Japan/World Bank Graduate Scholarship Program; Schwarzman Scholars,Chinese Government Scholarship; Global Korea Scholarship; Türkiye Scholarships,1,1,mixed_over_and_under_selection,0,0.0,0.0,0,0.0,0.0,0,0.0,0.0,1,0.5,0.2
English,unknown,Which scholarships are fully funded and require work experience for Mongolian students?,Which scholarships are fully funded and require work experience for Mongolian students?,Which scholarships are fully funded and require work experience for Mongolian students? eligible nationality employment experience full funding full scholarship fully funded international students mongolia mongolia eligible mongolian students professional experience tuition and living work experience,Australia Awards; Chevening Scholarship; Fulbright U.S. Student Program,Chevening Scholarship; Joint Japan/World Bank Graduate Scholarship Program; Rotary Peace Fellowship,ADB Internship Program; Chevening Scholarship; Australia Awards; Joint Japan/World Bank Graduate Scholarship Program; Swedish Institute Scholarships; Rotary Peace Fellowship; Google Generation Scholarship; Fulbright U.S. Student Program; Boren Awards; Swiss Government Excellence Scholarships,0.3333333333333333,0.3333333333333333,0.3333333333333333,Joint Japan/World Bank Graduate Scholarship Program; Rotary Peace Fellowship,Australia Awards; Fulbright U.S. Student Program,1,1,mixed_over_and_under_selection,0,0.0,0.0,1,0.6666666666666666,0.6666666666666666,1,0.6666666666666666,0.4,1,1.0,0.3
English,unknown,Which scholarships are for development-related master's programs for Mongolian students?,Which scholarships are for development-related master's programs for Mongolian students?,Which scholarships are for development-related master's programs for Mongolian students? eligible nationality graduate international students master master's masters mongolia mongolia eligible mongolian students postgraduate,Asian Development Bank–Japan Scholarship Program; Australia Awards; Joint Japan/World Bank Graduate Scholarship Program,Australia Awards; Joint Japan/World Bank Graduate Scholarship Program,Erasmus Mundus Joint Master Degrees; Swiss Government Excellence Scholarships; Joint Japan/World Bank Graduate Scholarship Program; DAAD Scholarships; Swedish Institute Scholarships; Australia Awards; Commonwealth Scholarship and Fellowship Plan; NSF Graduate Research Fellowship Program; Marshall Scholarship; Government of Ireland International Education Scholarship,1.0,0.6666666666666666,0.8,,Asian Development Bank–Japan Scholarship Program,0,1,retrieval_miss,0,0.0,0.0,1,0.3333333333333333,0.3333333333333333,1,0.3333333333333333,0.2,1,0.6666666666666666,0.2
English,unknown,Which scholarships are leadership-focused and fully funded for Mongolian students?,Which scholarships are leadership-focused and fully funded for Mongolian students?,Which scholarships are leadership-focused and fully funded for Mongolian students? eligible nationality full funding full scholarship fully funded international students mongolia mongolia eligible mongolian students tuition and living,Chevening Scholarship; Knight-Hennessy Scholars; Schwarzman Scholars,Chevening Scholarship; Erasmus Mundus Joint Master Degrees; Swedish Institute Scholarships,Chevening Scholarship; ADB Internship Program; Google Generation Scholarship; Boren Awards; Swiss Government Excellence Scholarships; Swedish Institute Scholarships; Erasmus Mundus Joint Master Degrees; United Nations Fellowships; The Gates Scholarship; Benjamin A. Gilman International Scholarship,0.3333333333333333,0.3333333333333333,0.3333333333333333,Erasmus Mundus Joint Master Degrees; Swedish Institute Scholarships,Knight-Hennessy Scholars; Schwarzman Scholars,1,1,retrieval_miss,1,0.3333333333333333,1.0,1,0.3333333333333333,0.3333333333333333,1,0.3333333333333333,0.2,1,0.3333333333333333,0.1
English,unknown,Which scholarships are fully funded PhD opportunities for Mongolian students?,Which scholarships are fully funded PhD opportunities for Mongolian students?,Which scholarships are fully funded PhD opportunities for Mongolian students? doctoral doctorate eligible nationality full funding full scholarship fully funded international students mongolia mongolia eligible mongolian students ph.d phd tuition and living,DAAD Scholarships; Gates Cambridge Scholarship; Vanier Canada Graduate Scholarships,NONE,Chevening Scholarship; Swiss Government Excellence Scholarships; Türkiye Scholarships; DAAD Scholarships; Eiffel Excellence Scholarship Program; Government of Ireland International Education Scholarship; Commonwealth Scholarship and Fellowship Plan; Stipendium Hungaricum; NSF Graduate Research Fellowship Program; ADB Internship Program,0.0,0.0,0.0,,DAAD Scholarships; Gates Cambridge Scholarship; Vanier Canada Graduate Scholarships,0,1,empty_answer,0,0.0,0.0,0,0.0,0.0,1,0.3333333333333333,0.2,1,0.3333333333333333,0.1
English,unknown,Which scholarships involve multiple universities or countries and are open to Mongolian students?,Which scholarships involve multiple universities or countries and are open to Mongolian students?,Which scholarships involve multiple universities or countries and are open to Mongolian students? eligible nationality international students mongolia mongolia eligible mongolian students,Erasmus Mundus Joint Master Degrees,Asian Development Bank–Japan Scholarship Program; Erasmus Mundus Joint Master Degrees; Global Korea Scholarship; Joint Japan/World Bank Graduate Scholarship Program,Swiss Government Excellence Scholarships; Erasmus Mundus Joint Master Degrees; Chinese Government Scholarship; Asian Development Bank–Japan Scholarship Program; Swedish Institute Scholarships; Commonwealth Scholarship and Fellowship Plan; Knight-Hennessy Scholars; Australia Awards; Joint Japan/World Bank Graduate Scholarship Program; Global Korea Scholarship,0.25,1.0,0.4,Asian Development Bank–Japan Scholarship Program; Global Korea Scholarship; Joint Japan/World Bank Graduate Scholarship Program,,1,1,over_selection,0,0.0,0.0,1,1.0,0.3333333333333333,1,1.0,0.2,1,1.0,0.1
English,unknown,Which scholarships require both English and work experience for Mongolian students?,Which scholarships require both English and work experience for Mongolian students?,Which scholarships require both English and work experience for Mongolian students? eligible nationality employment experience english ielts international students language requirement mongolia mongolia eligible mongolian students professional experience toefl work experience,Australia Awards; Chevening Scholarship; Fulbright U.S. Student Program,NONE,Australia Awards; Swedish Institute Scholarships; Joint Japan/World Bank Graduate Scholarship Program; Rotary Peace Fellowship; Fulbright U.S. Student Program; Commonwealth Scholarship and Fellowship Plan; ADB Internship Program; Chevening Scholarship; Türkiye Scholarships; Government of Ireland International Education Scholarship,0.0,0.0,0.0,,Australia Awards; Chevening Scholarship; Fulbright U.S. Student Program,0,1,empty_answer,1,0.3333333333333333,1.0,1,0.3333333333333333,0.3333333333333333,1,0.6666666666666666,0.4,1,1.0,0.3
English,unknown,Which scholarships are fully funded but may have strict eligibility requirements for Mongolian students?,Which scholarships are fully funded but may have strict eligibility requirements for Mongolian students?,Which scholarships are fully funded but may have strict eligibility requirements for Mongolian students? eligible nationality full funding full scholarship fully funded international students mongolia mongolia eligible mongolian students tuition and living,Gates Cambridge Scholarship; Rhodes Scholarship; Schwarzman Scholars,Chevening Scholarship; Chinese Government Scholarship; DAAD Scholarships; Swedish Institute Scholarships; Swiss Government Excellence Scholarships; Türkiye Scholarships,Chevening Scholarship; ADB Internship Program; Google Generation Scholarship; Chinese Government Scholarship; Swiss Government Excellence Scholarships; DAAD Scholarships; Government of Ireland International Education Scholarship; Benjamin A. Gilman International Scholarship; Swedish Institute Scholarships; Türkiye Scholarships,0.0,0.0,0.0,Chevening Scholarship; Chinese Government Scholarship; DAAD Scholarships; Swedish Institute Scholarships; Swiss Government Excellence Scholarships; Türkiye Scholarships,Gates Cambridge Scholarship; Rhodes Scholarship; Schwarzman Scholars,1,1,retrieval_miss,0,0.0,0.0,0,0.0,0.0,0,0.0,0.0,0,0.0,0.0
English,unknown,Which scholarships combine funding and leadership development for Mongolian students?,Which scholarships combine funding and leadership development for Mongolian students?,Which scholarships combine funding and leadership development for Mongolian students? eligible nationality international students mongolia mongolia eligible mongolian students,Chevening Scholarship; Knight-Hennessy Scholars; Schwarzman Scholars,Australia Awards; Chevening Scholarship; Knight-Hennessy Scholars; Swedish Institute Scholarships,Knight-Hennessy Scholars; Boren Awards; Australia Awards; United Nations Fellowships; Chevening Scholarship; DAAD Scholarships; Swiss Government Excellence Scholarships; AAUW International Fellowships; Commonwealth Scholarship and Fellowship Plan; Swedish Institute Scholarships,0.5,0.6666666666666666,0.5714285714285715,Australia Awards; Swedish Institute Scholarships,Schwarzman Scholars,1,1,retrieval_miss,1,0.3333333333333333,1.0,1,0.3333333333333333,0.3333333333333333,1,0.6666666666666666,0.4,1,0.6666666666666666,0.2
English,unknown,Which scholarships are fully funded and competitive for top students from Mongolia?,Which scholarships are fully funded and competitive for top students from Mongolia?,Which scholarships are fully funded and competitive for top students from Mongolia? eligible nationality full funding full scholarship fully funded international students mongolia mongolia eligible mongolian students tuition and living,Gates Cambridge Scholarship; Rhodes Scholarship; Schwarzman Scholars,Chevening Scholarship; Government of Ireland International Education Scholarship; Swedish Institute Scholarships; Swiss Government Excellence Scholarships,Chevening Scholarship; ADB Internship Program; Google Generation Scholarship; Eiffel Excellence Scholarship Program; Commonwealth Scholarship and Fellowship Plan; Government of Ireland International Education Scholarship; Swiss Government Excellence Scholarships; Swedish Institute Scholarships; Boren Awards; New Zealand Scholarships,0.0,0.0,0.0,Chevening Scholarship; Government of Ireland International Education Scholarship; Swedish Institute Scholarships; Swiss Government Excellence Scholarships,Gates Cambridge Scholarship; Rhodes Scholarship; Schwarzman Scholars,1,1,retrieval_miss,0,0.0,0.0,0,0.0,0.0,0,0.0,0.0,0,0.0,0.0
English,unknown,Which scholarships are NOT available to Mongolian students?,Which scholarships are NOT available to Mongolian students?,Which scholarships are NOT available to Mongolian students? eligible nationality international students mongolia mongolia eligible mongolian students,Benjamin A. Gilman International Scholarship; Boren Awards; Churchill Scholarship; George J. Mitchell Scholarship; Marshall Scholarship,Benjamin A. Gilman International Scholarship; Boren Awards; Churchill Scholarship; Commonwealth Scholarship and Fellowship Plan; Fulbright U.S. Student Program; George J. Mitchell Scholarship; Marshall Scholarship; The Gates Scholarship,Boren Awards; Erasmus Mundus Joint Master Degrees; Vanier Canada Graduate Scholarships; Benjamin A. Gilman International Scholarship; Marshall Scholarship; Commonwealth Scholarship and Fellowship Plan; Swiss Government Excellence Scholarships; Fulbright U.S. Student Program; Swedish Institute Scholarships; AAUW International Fellowships; Churchill Scholarship; United Nations Fellowships; George J. Mitchell Scholarship; Eiffel Excellence Scholarship Program; The Gates Scholarship,0.625,1.0,0.7692307692307693,Commonwealth Scholarship and Fellowship Plan; Fulbright U.S. Student Program; The Gates Scholarship,,1,1,over_selection,1,0.2,1.0,1,0.2,0.3333333333333333,1,0.6,0.6,1,0.6,0.3
English,unknown,Which scholarships have conditional eligibility for Mongolian students?,Which scholarships have conditional eligibility for Mongolian students?,Which scholarships have conditional eligibility for Mongolian students? eligible nationality international students mongolia mongolia eligible mongolian students,Mastercard Foundation Scholars Program; NSF Graduate Research Fellowship Program; Rhodes Scholarship; The Gates Scholarship,AAUW International Fellowships; Australia Awards; Chinese Government Scholarship; Erasmus Mundus Joint Master Degrees; New Zealand Scholarships; Stipendium Hungaricum; Swedish Institute Scholarships; United Nations Fellowships,Swiss Government Excellence Scholarships; New Zealand Scholarships; Türkiye Scholarships; Chinese Government Scholarship; AAUW International Fellowships; Australia Awards; Swedish Institute Scholarships; Erasmus Mundus Joint Master Degrees; United Nations Fellowships; Stipendium Hungaricum,0.0,0.0,0.0,AAUW International Fellowships; Australia Awards; Chinese Government Scholarship; Erasmus Mundus Joint Master Degrees; New Zealand Scholarships; Stipendium Hungaricum; Swedish Institute Scholarships; United Nations Fellowships,Mastercard Foundation Scholars Program; NSF Graduate Research Fellowship Program; Rhodes Scholarship; The Gates Scholarship,1,1,retrieval_miss,0,0.0,0.0,0,0.0,0.0,0,0.0,0.0,0,0.0,0.0
English,unknown,Which scholarships require checking eligibility for Mongolian applicants?,Which scholarships require checking eligibility for Mongolian applicants?,Which scholarships require checking eligibility for Mongolian applicants? eligible nationality international students mongolia mongolia eligible mongolian students,JICA Scholarships; Mastercard Foundation Scholars Program; New Zealand Scholarships; Rhodes Scholarship,AAUW International Fellowships; ADB Internship Program; Asian Development Bank–Japan Scholarship Program; Benjamin A. Gilman International Scholarship; Boren Awards; Churchill Scholarship; Commonwealth Scholarship and Fellowship Plan; Eiffel Excellence Scholarship Program; Fulbright U.S. Student Program; Gates Cambridge Scholarship; George J. Mitchell Scholarship; Global Korea Scholarship; Google Generation Scholarship; JICA Scholarships; Japan-IMF Scholarship Program for Asia; Joint Japan/World Bank Graduate Scholarship Program; Knight-Hennessy Scholars; Marshall Scholarship; Mastercard Foundation Scholars Program; NSF Graduate Research Fellowship Program; New Zealand Scholarships; Orange Knowledge Programme; Rhodes Scholarship; Rotary Peace Fellowship; Schwarzman Scholars; Stipendium Hungaricum; The Gates Scholarship; Vanier Canada Graduate Scholarships,Swiss Government Excellence Scholarships; Australia Awards; Swedish Institute Scholarships; United Nations Fellowships; Erasmus Mundus Joint Master Degrees; Government of Ireland International Education Scholarship; Chevening Scholarship; Türkiye Scholarships; DAAD Scholarships; Chinese Government Scholarship,0.14285714285714285,1.0,0.25,AAUW International Fellowships; ADB Internship Program; Asian Development Bank–Japan Scholarship Program; Benjamin A. Gilman International Scholarship; Boren Awards; Churchill Scholarship; Commonwealth Scholarship and Fellowship Plan; Eiffel Excellence Scholarship Program; Fulbright U.S. Student Program; Gates Cambridge Scholarship; George J. Mitchell Scholarship; Global Korea Scholarship; Google Generation Scholarship; Japan-IMF Scholarship Program for Asia; Joint Japan/World Bank Graduate Scholarship Program; Knight-Hennessy Scholars; Marshall Scholarship; NSF Graduate Research Fellowship Program; Orange Knowledge Programme; Rotary Peace Fellowship; Schwarzman Scholars; Stipendium Hungaricum; The Gates Scholarship; Vanier Canada Graduate Scholarships,,1,1,over_selection,0,0.0,0.0,0,0.0,0.0,0,0.0,0.0,0,0.0,0.0
English,unknown,Which scholarships are likely but not guaranteed for Mongolian students?,Which scholarships are likely but not guaranteed for Mongolian students?,Which scholarships are likely but not guaranteed for Mongolian students? eligible nationality international students mongolia mongolia eligible mongolian students,DAAD Scholarships; Erasmus Mundus Joint Master Degrees; Orange Knowledge Programme,AAUW International Fellowships; Eiffel Excellence Scholarship Program; Erasmus Mundus Joint Master Degrees; Swedish Institute Scholarships; Swiss Government Excellence Scholarships,Benjamin A. Gilman International Scholarship; Swiss Government Excellence Scholarships; Swedish Institute Scholarships; Boren Awards; Marshall Scholarship; Erasmus Mundus Joint Master Degrees; AAUW International Fellowships; George J. Mitchell Scholarship; Eiffel Excellence Scholarship Program; NSF Graduate Research Fellowship Program,0.2,0.3333333333333333,0.25,AAUW International Fellowships; Eiffel Excellence Scholarship Program; Swedish Institute Scholarships; Swiss Government Excellence Scholarships,DAAD Scholarships; Orange Knowledge Programme,1,1,retrieval_miss,0,0.0,0.0,0,0.0,0.0,0,0.0,0.0,1,0.3333333333333333,0.1
English,unknown,Which scholarships are restricted by citizenship and exclude Mongolian applicants?,Which scholarships are restricted by citizenship and exclude Mongolian applicants?,Which scholarships are restricted by citizenship and exclude Mongolian applicants? eligible nationality international students mongolia mongolia eligible mongolian students,Churchill Scholarship; George J. Mitchell Scholarship; Marshall Scholarship,Benjamin A. Gilman International Scholarship; Boren Awards; Commonwealth Scholarship and Fellowship Plan; Fulbright U.S. Student Program; Marshall Scholarship; NSF Graduate Research Fellowship Program; The Gates Scholarship,Marshall Scholarship; The Gates Scholarship; Benjamin A. Gilman International Scholarship; NSF Graduate Research Fellowship Program; Boren Awards; Swiss Government Excellence Scholarships; Fulbright U.S. Student Program; United Nations Fellowships; Erasmus Mundus Joint Master Degrees; Commonwealth Scholarship and Fellowship Plan,0.14285714285714285,0.3333333333333333,0.2,Benjamin A. Gilman International Scholarship; Boren Awards; Commonwealth Scholarship and Fellowship Plan; Fulbright U.S. Student Program; NSF Graduate Research Fellowship Program; The Gates Scholarship,Churchill Scholarship; George J. Mitchell Scholarship,1,1,retrieval_miss,1,0.3333333333333333,1.0,1,0.3333333333333333,0.3333333333333333,1,0.3333333333333333,0.2,1,0.3333333333333333,0.1
English,unknown,Which scholarships depend on partner universities for Mongolian students?,Which scholarships depend on partner universities for Mongolian students?,Which scholarships depend on partner universities for Mongolian students? eligible nationality international students mongolia mongolia eligible mongolian students,Erasmus Mundus Joint Master Degrees; Mastercard Foundation Scholars Program,NONE,Commonwealth Scholarship and Fellowship Plan; Erasmus Mundus Joint Master Degrees; Swiss Government Excellence Scholarships; Stipendium Hungaricum; Government of Ireland International Education Scholarship; Boren Awards; DAAD Scholarships; Türkiye Scholarships; MEXT Scholarship; Mastercard Foundation Scholars Program,0.0,0.0,0.0,,Erasmus Mundus Joint Master Degrees; Mastercard Foundation Scholars Program,0,1,empty_answer,0,0.0,0.0,1,0.5,0.3333333333333333,1,0.5,0.2,1,1.0,0.2
English,unknown,Which scholarships are not fully funded for Mongolian students?,Which scholarships are not fully funded for Mongolian students?,Which scholarships are not fully funded for Mongolian students? eligible nationality full funding full scholarship fully funded international students mongolia mongolia eligible mongolian students tuition and living,AAUW International Fellowships; Eiffel Excellence Scholarship Program; Google Generation Scholarship,NONE,Chevening Scholarship; ADB Internship Program; Google Generation Scholarship; Boren Awards; The Gates Scholarship; Benjamin A. Gilman International Scholarship; Commonwealth Scholarship and Fellowship Plan; Marshall Scholarship; Swiss Government Excellence Scholarships; Swedish Institute Scholarships,0.0,0.0,0.0,,AAUW International Fellowships; Eiffel Excellence Scholarship Program; Google Generation Scholarship,0,1,empty_answer,0,0.0,0.0,1,0.3333333333333333,0.3333333333333333,1,0.3333333333333333,0.2,1,0.3333333333333333,0.1
English,unknown,Which scholarships provide only partial funding for Mongolian students?,Which scholarships provide only partial funding for Mongolian students?,Which scholarships provide only partial funding for Mongolian students? eligible nationality international students mongolia mongolia eligible mongolian students partial partially funded tuition only,AAUW International Fellowships; Google Generation Scholarship,AAUW International Fellowships; DAAD Scholarships; Eiffel Excellence Scholarship Program; Government of Ireland International Education Scholarship,Boren Awards; AAUW International Fellowships; Government of Ireland International Education Scholarship; Stipendium Hungaricum; Benjamin A. Gilman International Scholarship; Eiffel Excellence Scholarship Program; United Nations Fellowships; Australia Awards; DAAD Scholarships; The Gates Scholarship,0.25,0.5,0.3333333333333333,DAAD Scholarships; Eiffel Excellence Scholarship Program; Government of Ireland International Education Scholarship,Google Generation Scholarship,1,1,retrieval_miss,0,0.0,0.0,1,0.5,0.3333333333333333,1,0.5,0.2,1,0.5,0.1
English,unknown,Which scholarships require nomination or government selection for Mongolian students?,Which scholarships require nomination or government selection for Mongolian students?,Which scholarships require nomination or government selection for Mongolian students? eligible nationality international students mongolia mongolia eligible mongolian students,JICA Scholarships; Joint Japan/World Bank Graduate Scholarship Program,NONE,Swiss Government Excellence Scholarships; United Nations Fellowships; Government of Ireland International Education Scholarship; Chinese Government Scholarship; Fulbright U.S. Student Program; Stipendium Hungaricum; Commonwealth Scholarship and Fellowship Plan; Boren Awards; Australia Awards; Swedish Institute Scholarships,0.0,0.0,0.0,,JICA Scholarships; Joint Japan/World Bank Graduate Scholarship Program,0,1,empty_answer,0,0.0,0.0,0,0.0,0.0,0,0.0,0.0,0,0.0,0.0
English,unknown,Which scholarships should Mongolian students verify before applying?,Which scholarships should Mongolian students verify before applying?,Which scholarships should Mongolian students verify before applying? eligible nationality international students mongolia mongolia eligible mongolian students,JICA Scholarships; Mastercard Foundation Scholars Program; New Zealand Scholarships; Rhodes Scholarship,Australia Awards; Chevening Scholarship; Chinese Government Scholarship; Erasmus Mundus Joint Master Degrees; Government of Ireland International Education Scholarship; Swedish Institute Scholarships; Swiss Government Excellence Scholarships; United Nations Fellowships,Commonwealth Scholarship and Fellowship Plan; Swedish Institute Scholarships; Erasmus Mundus Joint Master Degrees; Government of Ireland International Education Scholarship; Chevening Scholarship; Vanier Canada Graduate Scholarships; Chinese Government Scholarship; Swiss Government Excellence Scholarships; Australia Awards; United Nations Fellowships,0.0,0.0,0.0,Australia Awards; Chevening Scholarship; Chinese Government Scholarship; Erasmus Mundus Joint Master Degrees; Government of Ireland International Education Scholarship; Swedish Institute Scholarships; Swiss Government Excellence Scholarships; United Nations Fellowships,JICA Scholarships; Mastercard Foundation Scholars Program; New Zealand Scholarships; Rhodes Scholarship,1,1,retrieval_miss,0,0.0,0.0,0,0.0,0.0,0,0.0,0.0,0,0.0,0.0
English,unknown,Which scholarships are for Mongolian high school students only?,Which scholarships are for Mongolian high school students only?,Which scholarships are for Mongolian high school students only? eligible nationality international students mongolia mongolia eligible mongolian students,NONE,NONE,The Gates Scholarship; Chinese Government Scholarship; Benjamin A. Gilman International Scholarship; Boren Awards; Erasmus Mundus Joint Master Degrees; Swedish Institute Scholarships; Marshall Scholarship; Swiss Government Excellence Scholarships; Commonwealth Scholarship and Fellowship Plan; Government of Ireland International Education Scholarship,1.0,1.0,1.0,,,0,0,correct,0,0.0,0.0,0,0.0,0.0,0,0.0,0.0,0,0.0,0.0
English,unknown,Which scholarships require no degree at all?,Which scholarships require no degree at all?,Which scholarships require no degree at all? ,NONE,NONE,Swiss Government Excellence Scholarships; Churchill Scholarship; Vanier Canada Graduate Scholarships; Marshall Scholarship; Erasmus Mundus Joint Master Degrees; Australia Awards; Boren Awards; Fulbright U.S. Student Program; Commonwealth Scholarship and Fellowship Plan; New Zealand Scholarships,1.0,1.0,1.0,,,0,0,correct,0,0.0,0.0,0,0.0,0.0,0,0.0,0.0,0,0.0,0.0
English,unknown,Which scholarships are fully funded in Antarctica?,Which scholarships are fully funded in Antarctica?,Which scholarships are fully funded in Antarctica? full funding full scholarship fully funded tuition and living,NONE,NONE,Chevening Scholarship; Google Generation Scholarship; ADB Internship Program; Swedish Institute Scholarships; Erasmus Mundus Joint Master Degrees; Swiss Government Excellence Scholarships; JICA Scholarships; United Nations Fellowships; New Zealand Scholarships; Government of Ireland International Education Scholarship,1.0,1.0,1.0,,,0,0,correct,0,0.0,0.0,0,0.0,0.0,0,0.0,0.0,0,0.0,0.0
English,unknown,Which scholarships are only for Mongolian domestic study?,Which scholarships are only for Mongolian domestic study?,Which scholarships are only for Mongolian domestic study? eligible nationality international students mongolia mongolia eligible mongolian students,NONE,NONE,The Gates Scholarship; Swiss Government Excellence Scholarships; NSF Graduate Research Fellowship Program; Boren Awards; Swedish Institute Scholarships; United Nations Fellowships; Erasmus Mundus Joint Master Degrees; Benjamin A. Gilman International Scholarship; Commonwealth Scholarship and Fellowship Plan; Fulbright U.S. Student Program,1.0,1.0,1.0,,,0,0,correct,0,0.0,0.0,0,0.0,0.0,0,0.0,0.0,0,0.0,0.0
English,unknown,Which scholarships are only for athletes from Mongolia?,Which scholarships are only for athletes from Mongolia?,Which scholarships are only for athletes from Mongolia? eligible nationality international students mongolia mongolia eligible mongolian students,NONE,NONE,The Gates Scholarship; Swiss Government Excellence Scholarships; United Nations Fellowships; Swedish Institute Scholarships; Commonwealth Scholarship and Fellowship Plan; Erasmus Mundus Joint Master Degrees; Boren Awards; NSF Graduate Research Fellowship Program; Churchill Scholarship; Fulbright U.S. Student Program,1.0,1.0,1.0,,,0,0,correct,0,0.0,0.0,0,0.0,0.0,0,0.0,0.0,0,0.0,0.0
Mongolian,country,Монгол оюутнууд Японд ямар тэтгэлэгт хамрагдах боломжтой вэ,What scholarships are available for Mongolian students in Japan?,What scholarships are available for Mongolian students in Japan? asia asian china eligible nationality international students japan japanese korea mongolia mongolia eligible mongolian students turkey,Asian Development Bank–Japan Scholarship Program; JICA Scholarships; MEXT Scholarship,Asian Development Bank–Japan Scholarship Program; JICA Scholarships; Japan-IMF Scholarship Program for Asia; MEXT Scholarship,MEXT Scholarship; JICA Scholarships; Joint Japan/World Bank Graduate Scholarship Program; Japan-IMF Scholarship Program for Asia; Asian Development Bank–Japan Scholarship Program; Schwarzman Scholars; Chinese Government Scholarship; Global Korea Scholarship; Türkiye Scholarships; ADB Internship Program; Swiss Government Excellence Scholarships; Swedish Institute Scholarships; Government of Ireland International Education Scholarship; Boren Awards; NSF Graduate Research Fellowship Program,0.75,1.0,0.8571428571428571,Japan-IMF Scholarship Program for Asia,,1,1,over_selection,1,0.3333333333333333,1.0,1,0.6666666666666666,0.6666666666666666,1,1.0,0.6,1,1.0,0.3
Mongolian,country,Их Британид магистрт сурахад ямар бүрэн санхүүжилттэй тэтгэлэг байна вэ,What fully funded scholarships are available for studying a master's degree in the United Kingdom?,What fully funded scholarships are available for studying a master's degree in the United Kingdom? britain british england full funding full scholarship fully funded graduate master master's masters postgraduate tuition and living uk united kingdom,Chevening Scholarship; Commonwealth Scholarship and Fellowship Plan; Gates Cambridge Scholarship,Chevening Scholarship; Gates Cambridge Scholarship,Chevening Scholarship; Gates Cambridge Scholarship; Marshall Scholarship; Churchill Scholarship; Google Generation Scholarship; Commonwealth Scholarship and Fellowship Plan; Rhodes Scholarship; ADB Internship Program; Government of Ireland International Education Scholarship; Erasmus Mundus Joint Master Degrees,1.0,0.6666666666666666,0.8,,Commonwealth Scholarship and Fellowship Plan,0,1,under_selection_after_retrieval,1,0.3333333333333333,1.0,1,0.6666666666666666,0.6666666666666666,1,0.6666666666666666,0.4,1,1.0,0.3
Mongolian,language,IELTS шаарддаг тэтгэлгүүд аль нь вэ,Which scholarships require an IELTS score?,Which scholarships require an IELTS score? english ielts language requirement toefl,Chevening Scholarship; Commonwealth Scholarship and Fellowship Plan; Gates Cambridge Scholarship,Australia Awards; Chevening Scholarship; Swedish Institute Scholarships,Swiss Government Excellence Scholarships; Swedish Institute Scholarships; Government of Ireland International Education Scholarship; Global Korea Scholarship; Türkiye Scholarships; New Zealand Scholarships; Australia Awards; MEXT Scholarship; Chevening Scholarship; Fulbright U.S. Student Program,0.3333333333333333,0.3333333333333333,0.3333333333333333,Australia Awards; Swedish Institute Scholarships,Commonwealth Scholarship and Fellowship Plan; Gates Cambridge Scholarship,1,1,retrieval_miss,0,0.0,0.0,0,0.0,0.0,0,0.0,0.0,1,0.3333333333333333,0.1
Mongolian,degree,Магистрын түвшинд бүрэн санхүүжилттэй ямар тэтгэлгүүд байна вэ,What fully funded scholarships are available for master's degree level?,What fully funded scholarships are available for master's degree level? full funding full scholarship fully funded graduate master master's masters postgraduate tuition and living,Chevening Scholarship; Erasmus Mundus Joint Master Degrees; Global Korea Scholarship; MEXT Scholarship,Chevening Scholarship; Erasmus Mundus Joint Master Degrees; Joint Japan/World Bank Graduate Scholarship Program,Chevening Scholarship; Google Generation Scholarship; ADB Internship Program; Erasmus Mundus Joint Master Degrees; Swedish Institute Scholarships; Swiss Government Excellence Scholarships; JICA Scholarships; DAAD Scholarships; Government of Ireland International Education Scholarship; Joint Japan/World Bank Graduate Scholarship Program,0.6666666666666666,0.5,0.5714285714285715,Joint Japan/World Bank Graduate Scholarship Program,Global Korea Scholarship; MEXT Scholarship,1,1,retrieval_miss,1,0.25,1.0,1,0.25,0.3333333333333333,1,0.5,0.4,1,0.5,0.2
Mongolian,country,Монгол оюутнуудад Солонгост сурах ямар тэтгэлэг байна вэ,What scholarships are available for Mongolian students to study in South Korea?,What scholarships are available for Mongolian students to study in South Korea? asia asian china eligible nationality international students japan korea korean mongolia mongolia eligible mongolian students south korea turkey,Global Korea Scholarship,Asian Development Bank–Japan Scholarship Program; Chinese Government Scholarship; Global Korea Scholarship; Japan-IMF Scholarship Program for Asia; MEXT Scholarship; Türkiye Scholarships,Global Korea Scholarship; Chinese Government Scholarship; Japan-IMF Scholarship Program for Asia; Schwarzman Scholars; MEXT Scholarship; Joint Japan/World Bank Graduate Scholarship Program; JICA Scholarships; Asian Development Bank–Japan Scholarship Program; ADB Internship Program; Türkiye Scholarships; Swiss Government Excellence Scholarships; Erasmus Mundus Joint Master Degrees; Swedish Institute Scholarships; Government of Ireland International Education Scholarship; George J. Mitchell Scholarship,0.16666666666666666,1.0,0.2857142857142857,Asian Development Bank–Japan Scholarship Program; Chinese Government Scholarship; Japan-IMF Scholarship Program for Asia; MEXT Scholarship; Türkiye Scholarships,,1,1,over_selection,1,1.0,1.0,1,1.0,0.3333333333333333,1,1.0,0.2,1,1.0,0.1
Mongolian,country,Хятад улсад сурах тэтгэлэг аль нь вэ,Which scholarships are available for studying in China?,Which scholarships are available for studying in China? asia asian china chinese japan korea turkey,Chinese Government Scholarship; Schwarzman Scholars,Chinese Government Scholarship; Schwarzman Scholars,Chinese Government Scholarship; Schwarzman Scholars; JICA Scholarships; Joint Japan/World Bank Graduate Scholarship Program; Japan-IMF Scholarship Program for Asia; MEXT Scholarship; Google Generation Scholarship; Türkiye Scholarships; Global Korea Scholarship; Asian Development Bank–Japan Scholarship Program; ADB Internship Program; Erasmus Mundus Joint Master Degrees; Government of Ireland International Education Scholarship; Swiss Government Excellence Scholarships; Swedish Institute Scholarships,1.0,1.0,1.0,,,0,0,correct,1,0.5,1.0,1,1.0,0.6666666666666666,1,1.0,0.4,1,1.0,0.2
Mongolian,degree,Докторын түвшний тэтгэлгүүд аль нь вэ,Which scholarships are available for doctoral level studies?,Which scholarships are available for doctoral level studies? doctoral doctorate ph.d phd,DAAD Scholarships; Fulbright U.S. Student Program; Swiss Government Excellence Scholarships; Vanier Canada Graduate Scholarships,Chinese Government Scholarship; DAAD Scholarships; Eiffel Excellence Scholarship Program; JICA Scholarships; Knight-Hennessy Scholars; MEXT Scholarship; Rhodes Scholarship; Swiss Government Excellence Scholarships; Vanier Canada Graduate Scholarships,JICA Scholarships; DAAD Scholarships; Vanier Canada Graduate Scholarships; Eiffel Excellence Scholarship Program; NSF Graduate Research Fellowship Program; Swiss Government Excellence Scholarships; Türkiye Scholarships; Government of Ireland International Education Scholarship; Chinese Government Scholarship; Commonwealth Scholarship and Fellowship Plan; Knight-Hennessy Scholars; Erasmus Mundus Joint Master Degrees; MEXT Scholarship; Swedish Institute Scholarships; Rhodes Scholarship,0.3333333333333333,0.75,0.46153846153846156,Chinese Government Scholarship; Eiffel Excellence Scholarship Program; JICA Scholarships; Knight-Hennessy Scholars; MEXT Scholarship; Rhodes Scholarship,Fulbright U.S. Student Program,1,1,retrieval_miss,0,0.0,0.0,1,0.5,0.6666666666666666,1,0.5,0.4,1,0.75,0.3
Mongolian,funding,Бүрэн санхүүжилттэй тэтгэлгүүдийг жагсаа,List fully funded scholarships.,List fully funded scholarships. full funding full scholarship fully funded tuition and living,Chevening Scholarship; Erasmus Mundus Joint Master Degrees; Global Korea Scholarship; MEXT Scholarship; Stipendium Hungaricum,Chevening Scholarship; DAAD Scholarships; Knight-Hennessy Scholars,Chevening Scholarship; Google Generation Scholarship; ADB Internship Program; JICA Scholarships; Knight-Hennessy Scholars; Orange Knowledge Programme; The Gates Scholarship; Government of Ireland International Education Scholarship; Churchill Scholarship; DAAD Scholarships,0.3333333333333333,0.2,0.25,DAAD Scholarships; Knight-Hennessy Scholars,Erasmus Mundus Joint Master Degrees; Global Korea Scholarship; MEXT Scholarship; Stipendium Hungaricum,1,1,retrieval_miss,1,0.2,1.0,1,0.2,0.3333333333333333,1,0.2,0.2,1,0.2,0.1
Mongolian,general,Судалгааны чиглэлийн тэтгэлэг аль нь вэ,Which scholarship is available for the field of study?,Which scholarship is available for the field of study? ,DAAD Scholarships; Fulbright U.S. Student Program; Swiss Government Excellence Scholarships; Vanier Canada Graduate Scholarships,NONE,Government of Ireland International Education Scholarship; Churchill Scholarship; The Gates Scholarship; Vanier Canada Graduate Scholarships; Marshall Scholarship; George J. Mitchell Scholarship; Benjamin A. Gilman International Scholarship; Australia Awards; Rhodes Scholarship; Türkiye Scholarships,0.0,0.0,0.0,,DAAD Scholarships; Fulbright U.S. Student Program; Swiss Government Excellence Scholarships; Vanier Canada Graduate Scholarships,0,1,empty_answer,0,0.0,0.0,0,0.0,0.0,1,0.25,0.2,1,0.25,0.1
Mongolian,country,АНУ-д сурахад ямар тэтгэлэг байна вэ,What scholarships are available for studying in the USA?,What scholarships are available for studying in the USA? america american u.s u.s. united states usa,AAUW International Fellowships; Fulbright U.S. Student Program; Knight-Hennessy Scholars; The Gates Scholarship,NONE,The Gates Scholarship; Benjamin A. Gilman International Scholarship; George J. Mitchell Scholarship; Churchill Scholarship; Marshall Scholarship; NSF Graduate Research Fellowship Program; Boren Awards; AAUW International Fellowships; Fulbright U.S. Student Program; Knight-Hennessy Scholars; Government of Ireland International Education Scholarship; Swedish Institute Scholarships; Swiss Government Excellence Scholarships; Erasmus Mundus Joint Master Degrees; New Zealand Scholarships,0.0,0.0,0.0,,AAUW International Fellowships; Fulbright U.S. Student Program; Knight-Hennessy Scholars; The Gates Scholarship,0,1,empty_answer,1,0.25,1.0,1,0.25,0.3333333333333333,1,0.25,0.2,1,1.0,0.4
